-- SQL file to insert country data into the countries table
INSERT INTO countries (country_id, country_flag_url, country_name) VALUES (1, 'https://cdn.countryflags.com/thumbs/afghanistan/flag-square-500.png', 'Afghanistan');
INSERT INTO countries (country_id, country_flag_url, country_name) VALUES (2, 'https://www.countryflags.com/wp-content/uploads/albania-albanian-flag-png-square-large.png', 'Albania');
INSERT INTO countries (country_id, country_flag_url, country_name) VALUES (3, 'https://www.countryflags.com/wp-content/uploads/flag-jpg-xl-3-scaled.jpg', 'Algeria');
INSERT INTO countries (country_id, country_flag_url, country_name) VALUES (4, 'https://cdn.countryflags.com/thumbs/angola/flag-square-500.png', 'Angola');
INSERT INTO countries (country_id, country_flag_url, country_name) VALUES (5, 'https://upload.wikimedia.org/wikipedia/commons/thumb/f/f8/True_South_Antarctic_Flag.svg/1600px-True_South_Antarctic_Flag.svg.png', 'Antarctica');
INSERT INTO countries (country_id, country_flag_url, country_name) VALUES (6, 'https://cdn.countryflags.com/thumbs/argentina/flag-square-500.png', 'Argentina');
INSERT INTO countries (country_id, country_flag_url, country_name) VALUES (7, 'https://cdn.countryflags.com/thumbs/armenia/flag-square-500.png', 'Armenia');
INSERT INTO countries (country_id, country_flag_url, country_name) VALUES (8, 'https://cdn.countryflags.com/thumbs/australia/flag-square-500.png', 'Australia');
INSERT INTO countries (country_id, country_flag_url, country_name) VALUES (9, 'https://www.countryflags.com/wp-content/uploads/flag-jpg-xl-10-scaled.jpg', 'Austria');
INSERT INTO countries (country_id, country_flag_url, country_name) VALUES (10, 'https://cdn.countryflags.com/thumbs/azerbaijan/flag-square-500.png', 'Azerbaijan');
INSERT INTO countries (country_id, country_flag_url, country_name) VALUES (11, 'https://cdn.countryflags.com/thumbs/bahamas/flag-square-500.png', 'Bahamas');
INSERT INTO countries (country_id, country_flag_url, country_name) VALUES (12, 'https://cdn.countryflags.com/thumbs/bangladesh/flag-square-500.png', 'Bangladesh');
INSERT INTO countries (country_id, country_flag_url, country_name) VALUES (13, 'https://cdn.countryflags.com/thumbs/belarus/flag-square-500.png', 'Belarus');
INSERT INTO countries (country_id, country_flag_url, country_name) VALUES (14, 'https://cdn.countryflags.com/thumbs/belgium/flag-square-500.png', 'Belgium');
INSERT INTO countries (country_id, country_flag_url, country_name) VALUES (15, 'https://cdn.countryflags.com/thumbs/belize/flag-square-500.png', 'Belize');
INSERT INTO countries (country_id, country_flag_url, country_name) VALUES (16, 'https://cdn.countryflags.com/thumbs/benin/flag-square-500.png', 'Benin');
INSERT INTO countries (country_id, country_flag_url, country_name) VALUES (17, 'https://cdn.countryflags.com/thumbs/bhutan/flag-square-500.png', 'Bhutan');
INSERT INTO countries (country_id, country_flag_url, country_name) VALUES (18, 'https://cdn.countryflags.com/thumbs/bolivia/flag-square-500.png', 'Bolivia');
INSERT INTO countries (country_id, country_flag_url, country_name) VALUES (19, 'http://example.com/flags/bosnia_and_herzegovina.png', 'Bosnia and Herz.');
INSERT INTO countries (country_id, country_flag_url, country_name) VALUES (20, 'https://cdn.countryflags.com/thumbs/botswana/flag-square-500.png', 'Botswana');
INSERT INTO countries (country_id, country_flag_url, country_name) VALUES (21, 'https://cdn.countryflags.com/thumbs/brazil/flag-square-500.png', 'Brazil');
INSERT INTO countries (country_id, country_flag_url, country_name) VALUES (22, 'https://cdn.countryflags.com/thumbs/brunei/flag-square-500.png', 'Brunei');
INSERT INTO countries (country_id, country_flag_url, country_name) VALUES (23, 'https://cdn.countryflags.com/thumbs/bulgaria/flag-square-500.png', 'Bulgaria');
INSERT INTO countries (country_id, country_flag_url, country_name) VALUES (24, 'https://cdn.countryflags.com/thumbs/burkina-faso/flag-square-500.png', 'Burkina Faso');
INSERT INTO countries (country_id, country_flag_url, country_name) VALUES (25, 'https://cdn.countryflags.com/thumbs/burundi/flag-square-500.png', 'Burundi');
INSERT INTO countries (country_id, country_flag_url, country_name) VALUES (26, 'https://cdn.countryflags.com/thumbs/cambodia/flag-square-500.png', 'Cambodia');
INSERT INTO countries (country_id, country_flag_url, country_name) VALUES (27, 'https://cdn.countryflags.com/thumbs/cameroon/flag-square-500.png', 'Cameroon');
INSERT INTO countries (country_id, country_flag_url, country_name) VALUES (28, 'https://cdn.countryflags.com/thumbs/canada/flag-square-500.png', 'Canada');
INSERT INTO countries (country_id, country_flag_url, country_name) VALUES (29, 'https://cdn.countryflags.com/thumbs/central-african-republic/flag-square-500.png', 'Central African Rep.');
INSERT INTO countries (country_id, country_flag_url, country_name) VALUES (30, 'https://cdn.countryflags.com/thumbs/chad/flag-square-500.png', 'Chad');
INSERT INTO countries (country_id, country_flag_url, country_name) VALUES (31, 'https://cdn.countryflags.com/thumbs/chile/flag-square-500.png', 'Chile');
INSERT INTO countries (country_id, country_flag_url, country_name) VALUES (32, 'https://cdn.countryflags.com/thumbs/china/flag-square-500.png', 'China');
INSERT INTO countries (country_id, country_flag_url, country_name) VALUES (33, 'https://cdn.countryflags.com/thumbs/colombia/flag-square-500.png', 'Colombia');
INSERT INTO countries (country_id, country_flag_url, country_name) VALUES (34, 'https://cdn.countryflags.com/thumbs/congo-republic-of-the/flag-square-500.png', 'Congo');
INSERT INTO countries (country_id, country_flag_url, country_name) VALUES (35, 'https://cdn.countryflags.com/thumbs/costa-rica/flag-square-500.png', 'Costa Rica');
INSERT INTO countries (country_id, country_flag_url, country_name) VALUES (36, 'https://cdn.countryflags.com/thumbs/croatia/flag-square-500.png', 'Croatia');
INSERT INTO countries (country_id, country_flag_url, country_name) VALUES (37, 'https://cdn.countryflags.com/thumbs/cuba/flag-square-500.png', 'Cuba');
INSERT INTO countries (country_id, country_flag_url, country_name) VALUES (38, 'https://cdn.countryflags.com/thumbs/cyprus/flag-square-500.png', 'Cyprus');
INSERT INTO countries (country_id, country_flag_url, country_name) VALUES (39, 'http://example.com/flags/czech_republic.png', 'Czech Rep.');
INSERT INTO countries (country_id, country_flag_url, country_name) VALUES (40, 'https://cdn.countryflags.com/thumbs/cote-d-ivoire/flag-square-500.png', 'Côte d''Ivoire');
INSERT INTO countries (country_id, country_flag_url, country_name) VALUES (41, 'http://example.com/flags/democratic_republic_of_congo.png', 'Dem. Rep. Congo');
INSERT INTO countries (country_id, country_flag_url, country_name) VALUES (42, 'http://example.com/flags/democratic_republic_of_korea.png', 'Dem. Rep. Korea');
INSERT INTO countries (country_id, country_flag_url, country_name) VALUES (43, 'https://cdn.countryflags.com/thumbs/denmark/flag-square-500.png', 'Denmark');
INSERT INTO countries (country_id, country_flag_url, country_name) VALUES (44, 'https://cdn.countryflags.com/thumbs/djibouti/flag-square-500.png', 'Djibouti');
INSERT INTO countries (country_id, country_flag_url, country_name) VALUES (45, 'https://cdn.countryflags.com/thumbs/dominican-republic/flag-square-500.png', 'Dominican Rep.');
INSERT INTO countries (country_id, country_flag_url, country_name) VALUES (46, 'https://cdn.countryflags.com/thumbs/ecuador/flag-square-500.png', 'Ecuador');
INSERT INTO countries (country_id, country_flag_url, country_name) VALUES (47, 'https://cdn.countryflags.com/thumbs/egypt/flag-square-500.png', 'Egypt');
INSERT INTO countries (country_id, country_flag_url, country_name) VALUES (48, 'http://example.com/flags/el_salvador.png', 'El Salvador');
INSERT INTO countries (country_id, country_flag_url, country_name) VALUES (49, 'http://example.com/flags/equatorial_guinea.png', 'Eq. Guinea');
INSERT INTO countries (country_id, country_flag_url, country_name) VALUES (50, 'http://example.com/flags/eritrea.png', 'Eritrea');
INSERT INTO countries (country_id, country_flag_url, country_name) VALUES (51, 'http://example.com/flags/estonia.png', 'Estonia');
INSERT INTO countries (country_id, country_flag_url, country_name) VALUES (52, 'http://example.com/flags/ethiopia.png', 'Ethiopia');
INSERT INTO countries (country_id, country_flag_url, country_name) VALUES (53, 'http://example.com/flags/falkland_islands.png', 'Falkland Is.');
INSERT INTO countries (country_id, country_flag_url, country_name) VALUES (54, 'http://example.com/flags/fiji.png', 'Fiji');
INSERT INTO countries (country_id, country_flag_url, country_name) VALUES (55, 'http://example.com/flags/finland.png', 'Finland');
INSERT INTO countries (country_id, country_flag_url, country_name) VALUES (56, 'http://example.com/flags/french_southern_territories.png', 'Fr. S. Antarctic Lands');
INSERT INTO countries (country_id, country_flag_url, country_name) VALUES (57, 'https://cdn.countryflags.com/thumbs/france/flag-square-500.png', 'France');
INSERT INTO countries (country_id, country_flag_url, country_name) VALUES (58, 'http://example.com/flags/gabon.png', 'Gabon');
INSERT INTO countries (country_id, country_flag_url, country_name) VALUES (59, 'http://example.com/flags/gambia.png', 'Gambia');
INSERT INTO countries (country_id, country_flag_url, country_name) VALUES (60, 'http://example.com/flags/georgia.png', 'Georgia');
INSERT INTO countries (country_id, country_flag_url, country_name) VALUES (61, 'https://www.countryflags.com/wp-content/uploads/germany-flag-png-large.png', 'Germany');
INSERT INTO countries (country_id, country_flag_url, country_name) VALUES (62, 'http://example.com/flags/ghana.png', 'Ghana');
INSERT INTO countries (country_id, country_flag_url, country_name) VALUES (63, 'http://example.com/flags/greece.png', 'Greece');
INSERT INTO countries (country_id, country_flag_url, country_name) VALUES (64, 'http://example.com/flags/greenland.png', 'Greenland');
INSERT INTO countries (country_id, country_flag_url, country_name) VALUES (65, 'http://example.com/flags/guatemala.png', 'Guatemala');
INSERT INTO countries (country_id, country_flag_url, country_name) VALUES (66, 'http://example.com/flags/guinea.png', 'Guinea');
INSERT INTO countries (country_id, country_flag_url, country_name) VALUES (67, 'http://example.com/flags/guinea_bissau.png', 'Guinea-Bissau');
INSERT INTO countries (country_id, country_flag_url, country_name) VALUES (68, 'http://example.com/flags/guyana.png', 'Guyana');
INSERT INTO countries (country_id, country_flag_url, country_name) VALUES (69, 'http://example.com/flags/haiti.png', 'Haiti');
INSERT INTO countries (country_id, country_flag_url, country_name) VALUES (70, 'http://example.com/flags/honduras.png', 'Honduras');
INSERT INTO countries (country_id, country_flag_url, country_name) VALUES (71, 'http://example.com/flags/hungary.png', 'Hungary');
INSERT INTO countries (country_id, country_flag_url, country_name) VALUES (72, 'http://example.com/flags/iceland.png', 'Iceland');
INSERT INTO countries (country_id, country_flag_url, country_name) VALUES (73, 'https://cdn.countryflags.com/thumbs/india/flag-square-500.png', 'India');
INSERT INTO countries (country_id, country_flag_url, country_name) VALUES (74, 'https://cdn.countryflags.com/thumbs/indonesia/flag-square-500.png', 'Indonesia');
INSERT INTO countries (country_id, country_flag_url, country_name) VALUES (75, 'http://example.com/flags/iran.png', 'Iran');
INSERT INTO countries (country_id, country_flag_url, country_name) VALUES (76, 'http://example.com/flags/iraq.png', 'Iraq');
INSERT INTO countries (country_id, country_flag_url, country_name) VALUES (77, 'http://example.com/flags/ireland.png', 'Ireland');
INSERT INTO countries (country_id, country_flag_url, country_name) VALUES (78, 'http://example.com/flags/israel.png', 'Israel');
INSERT INTO countries (country_id, country_flag_url, country_name) VALUES (79, 'https://www.countryflags.com/wp-content/uploads/italy-flag-png-large.png', 'Italy');
INSERT INTO countries (country_id, country_flag_url, country_name) VALUES (80, 'http://example.com/flags/jamaica.png', 'Jamaica');
INSERT INTO countries (country_id, country_flag_url, country_name) VALUES (81, 'https://www.countryflags.com/wp-content/uploads/japan-flag-png-large.png', 'Japan');
INSERT INTO countries (country_id, country_flag_url, country_name) VALUES (82, 'http://example.com/flags/jordan.png', 'Jordan');
INSERT INTO countries (country_id, country_flag_url, country_name) VALUES (83, 'http://example.com/flags/kazakhstan.png', 'Kazakhstan');
INSERT INTO countries (country_id, country_flag_url, country_name) VALUES (84, 'http://example.com/flags/kenya.png', 'Kenya');
INSERT INTO countries (country_id, country_flag_url, country_name) VALUES (85, 'http://example.com/flags/korea.png', 'Korea');
INSERT INTO countries (country_id, country_flag_url, country_name) VALUES (86, 'http://example.com/flags/kosovo.png', 'Kosovo');
INSERT INTO countries (country_id, country_flag_url, country_name) VALUES (87, 'http://example.com/flags/kuwait.png', 'Kuwait');
INSERT INTO countries (country_id, country_flag_url, country_name) VALUES (88, 'http://example.com/flags/kyrgyzstan.png', 'Kyrgyzstan');
INSERT INTO countries (country_id, country_flag_url, country_name) VALUES (89, 'http://example.com/flags/lao_pdr.png', 'Lao PDR');
INSERT INTO countries (country_id, country_flag_url, country_name) VALUES (90, 'https://www.countryflags.com/wp-content/uploads/latvia-flag-png-large.png', 'Latvia');
INSERT INTO countries (country_id, country_flag_url, country_name) VALUES (91, 'http://example.com/flags/lebanon.png', 'Lebanon');
INSERT INTO countries (country_id, country_flag_url, country_name) VALUES (92, 'http://example.com/flags/lesotho.png', 'Lesotho');
INSERT INTO countries (country_id, country_flag_url, country_name) VALUES (93, 'http://example.com/flags/liberia.png', 'Liberia');
INSERT INTO countries (country_id, country_flag_url, country_name) VALUES (94, 'http://example.com/flags/libya.png', 'Libya');
INSERT INTO countries (country_id, country_flag_url, country_name) VALUES (95, 'http://example.com/flags/lithuania.png', 'Lithuania');
INSERT INTO countries (country_id, country_flag_url, country_name) VALUES (96, 'http://example.com/flags/luxembourg.png', 'Luxembourg');
INSERT INTO countries (country_id, country_flag_url, country_name) VALUES (97, 'https://www.countryflags.com/wp-content/uploads/macedonia-flag-png-large.png', 'Macedonia');
INSERT INTO countries (country_id, country_flag_url, country_name) VALUES (98, 'http://example.com/flags/madagascar.png', 'Madagascar');
INSERT INTO countries (country_id, country_flag_url, country_name) VALUES (99, 'http://example.com/flags/malawi.png', 'Malawi');
INSERT INTO countries (country_id, country_flag_url, country_name) VALUES (100, 'http://example.com/flags/malaysia.png', 'Malaysia');
INSERT INTO countries (country_id, country_flag_url, country_name) VALUES (101, 'http://example.com/flags/mali.png', 'Mali');
INSERT INTO countries (country_id, country_flag_url, country_name) VALUES (102, 'http://example.com/flags/mauritania.png', 'Mauritania');
INSERT INTO countries (country_id, country_flag_url, country_name) VALUES (103, 'http://example.com/flags/mexico.png', 'Mexico');
INSERT INTO countries (country_id, country_flag_url, country_name) VALUES (104, 'http://example.com/flags/moldova.png', 'Moldova');
INSERT INTO countries (country_id, country_flag_url, country_name) VALUES (105, 'http://example.com/flags/mongolia.png', 'Mongolia');
INSERT INTO countries (country_id, country_flag_url, country_name) VALUES (106, 'http://example.com/flags/montenegro.png', 'Montenegro');
INSERT INTO countries (country_id, country_flag_url, country_name) VALUES (107, 'http://example.com/flags/morocco.png', 'Morocco');
INSERT INTO countries (country_id, country_flag_url, country_name) VALUES (108, 'http://example.com/flags/mozambique.png', 'Mozambique');
INSERT INTO countries (country_id, country_flag_url, country_name) VALUES (109, 'http://example.com/flags/myanmar.png', 'Myanmar');
INSERT INTO countries (country_id, country_flag_url, country_name) VALUES (110, 'http://example.com/flags/north_cyprus.png', 'N. Cyprus');
INSERT INTO countries (country_id, country_flag_url, country_name) VALUES (111, 'http://example.com/flags/namibia.png', 'Namibia');
INSERT INTO countries (country_id, country_flag_url, country_name) VALUES (112, 'http://example.com/flags/nepal.png', 'Nepal');
INSERT INTO countries (country_id, country_flag_url, country_name) VALUES (113, 'https://www.countryflags.com/wp-content/uploads/netherlands-flag-png-large.png', 'Netherlands');
INSERT INTO countries (country_id, country_flag_url, country_name) VALUES (114, 'http://example.com/flags/new_caledonia.png', 'New Caledonia');
INSERT INTO countries (country_id, country_flag_url, country_name) VALUES (115, 'http://example.com/flags/new_zealand.png', 'New Zealand');
INSERT INTO countries (country_id, country_flag_url, country_name) VALUES (116, 'http://example.com/flags/nicaragua.png', 'Nicaragua');
INSERT INTO countries (country_id, country_flag_url, country_name) VALUES (117, 'http://example.com/flags/niger.png', 'Niger');
INSERT INTO countries (country_id, country_flag_url, country_name) VALUES (118, 'http://example.com/flags/nigeria.png', 'Nigeria');
INSERT INTO countries (country_id, country_flag_url, country_name) VALUES (119, 'https://www.countryflags.com/wp-content/uploads/norway-flag-png-large.png', 'Norway');
INSERT INTO countries (country_id, country_flag_url, country_name) VALUES (120, 'http://example.com/flags/oman.png', 'Oman');
INSERT INTO countries (country_id, country_flag_url, country_name) VALUES (121, 'https://cdn.countryflags.com/thumbs/pakistan/flag-square-500.png', 'Pakistan');
INSERT INTO countries (country_id, country_flag_url, country_name) VALUES (122, 'http://example.com/flags/palestine.png', 'Palestine');
INSERT INTO countries (country_id, country_flag_url, country_name) VALUES (123, 'http://example.com/flags/panama.png', 'Panama');
INSERT INTO countries (country_id, country_flag_url, country_name) VALUES (124, 'http://example.com/flags/papua_new_guinea.png', 'Papua New Guinea');
INSERT INTO countries (country_id, country_flag_url, country_name) VALUES (125, 'http://example.com/flags/paraguay.png', 'Paraguay');
INSERT INTO countries (country_id, country_flag_url, country_name) VALUES (126, 'http://example.com/flags/peru.png', 'Peru');
INSERT INTO countries (country_id, country_flag_url, country_name) VALUES (127, 'http://example.com/flags/philippines.png', 'Philippines');
INSERT INTO countries (country_id, country_flag_url, country_name) VALUES (128, 'http://example.com/flags/poland.png', 'Poland');
INSERT INTO countries (country_id, country_flag_url, country_name) VALUES (129, 'http://example.com/flags/portugal.png', 'Portugal');
INSERT INTO countries (country_id, country_flag_url, country_name) VALUES (130, 'http://example.com/flags/puerto_rico.png', 'Puerto Rico');
INSERT INTO countries (country_id, country_flag_url, country_name) VALUES (131, 'http://example.com/flags/qatar.png', 'Qatar');
INSERT INTO countries (country_id, country_flag_url, country_name) VALUES (132, 'http://example.com/flags/romania.png', 'Romania');
INSERT INTO countries (country_id, country_flag_url, country_name) VALUES (133, 'http://example.com/flags/russia.png', 'Russia');
INSERT INTO countries (country_id, country_flag_url, country_name) VALUES (134, 'http://example.com/flags/rwanda.png', 'Rwanda');
INSERT INTO countries (country_id, country_flag_url, country_name) VALUES (135, 'http://example.com/flags/south_sudan.png', 'S. Sudan');
INSERT INTO countries (country_id, country_flag_url, country_name) VALUES (136, 'http://example.com/flags/saudi_arabia.png', 'Saudi Arabia');
INSERT INTO countries (country_id, country_flag_url, country_name) VALUES (137, 'http://example.com/flags/senegal.png', 'Senegal');
INSERT INTO countries (country_id, country_flag_url, country_name) VALUES (138, 'http://example.com/flags/serbia.png', 'Serbia');
INSERT INTO countries (country_id, country_flag_url, country_name) VALUES (139, 'http://example.com/flags/sierra_leone.png', 'Sierra Leone');
INSERT INTO countries (country_id, country_flag_url, country_name) VALUES (140, 'http://example.com/flags/slovakia.png', 'Slovakia');
INSERT INTO countries (country_id, country_flag_url, country_name) VALUES (141, 'http://example.com/flags/slovenia.png', 'Slovenia');
INSERT INTO countries (country_id, country_flag_url, country_name) VALUES (142, 'http://example.com/flags/solomon_islands.png', 'Solomon Is.');
INSERT INTO countries (country_id, country_flag_url, country_name) VALUES (143, 'http://example.com/flags/somalia.png', 'Somalia');
INSERT INTO countries (country_id, country_flag_url, country_name) VALUES (144, 'http://example.com/flags/somaliland.png', 'Somaliland');
INSERT INTO countries (country_id, country_flag_url, country_name) VALUES (145, 'http://example.com/flags/south_africa.png', 'South Africa');
INSERT INTO countries (country_id, country_flag_url, country_name) VALUES (146, 'https://www.countryflags.com/wp-content/uploads/spain-flag-png-large.png', 'Spain');
INSERT INTO countries (country_id, country_flag_url, country_name) VALUES (147, 'https://cdn.countryflags.com/thumbs/sri-lanka/flag-square-500.png', 'Sri Lanka');
INSERT INTO countries (country_id, country_flag_url, country_name) VALUES (148, 'http://example.com/flags/sudan.png', 'Sudan');
INSERT INTO countries (country_id, country_flag_url, country_name) VALUES (149, 'http://example.com/flags/suriname.png', 'Suriname');
INSERT INTO countries (country_id, country_flag_url, country_name) VALUES (150, 'http://example.com/flags/eswatini.png', 'Swaziland');
INSERT INTO countries (country_id, country_flag_url, country_name) VALUES (151, 'https://www.countryflags.com/wp-content/uploads/sweden-flag-png-large.png', 'Sweden');
INSERT INTO countries (country_id, country_flag_url, country_name) VALUES (152, 'https://www.countryflags.com/wp-content/uploads/switzerland-flag-png-large.png', 'Switzerland');
INSERT INTO countries (country_id, country_flag_url, country_name) VALUES (153, 'http://example.com/flags/syria.png', 'Syria');
INSERT INTO countries (country_id, country_flag_url, country_name) VALUES (154, 'http://example.com/flags/taiwan.png', 'Taiwan');
INSERT INTO countries (country_id, country_flag_url, country_name) VALUES (155, 'http://example.com/flags/tajikistan.png', 'Tajikistan');
INSERT INTO countries (country_id, country_flag_url, country_name) VALUES (156, 'http://example.com/flags/tanzania.png', 'Tanzania');
INSERT INTO countries (country_id, country_flag_url, country_name) VALUES (157, 'https://www.countryflags.com/wp-content/uploads/thailand-flag-png-large.png', 'Thailand');
INSERT INTO countries (country_id, country_flag_url, country_name) VALUES (158, 'http://example.com/flags/timor_leste.png', 'Timor-Leste');
INSERT INTO countries (country_id, country_flag_url, country_name) VALUES (159, 'http://example.com/flags/togo.png', 'Togo');
INSERT INTO countries (country_id, country_flag_url, country_name) VALUES (160, 'http://example.com/flags/trinidad_and_tobago.png', 'Trinidad and Tobago');
INSERT INTO countries (country_id, country_flag_url, country_name) VALUES (161, 'http://example.com/flags/tunisia.png', 'Tunisia');
INSERT INTO countries (country_id, country_flag_url, country_name) VALUES (162, 'http://example.com/flags/turkey.png', 'Turkey');
INSERT INTO countries (country_id, country_flag_url, country_name) VALUES (163, 'http://example.com/flags/turkmenistan.png', 'Turkmenistan');
INSERT INTO countries (country_id, country_flag_url, country_name) VALUES (164, 'http://example.com/flags/uganda.png', 'Uganda');
INSERT INTO countries (country_id, country_flag_url, country_name) VALUES (165, 'http://example.com/flags/ukraine.png', 'Ukraine');
INSERT INTO countries (country_id, country_flag_url, country_name) VALUES (166, 'http://example.com/flags/united_arab_emirates.png', 'United Arab Emirates');
INSERT INTO countries (country_id, country_flag_url, country_name) VALUES (167, 'https://www.countryflags.com/wp-content/uploads/united-kingdom-flag-png-large.png', 'United Kingdom');
INSERT INTO countries (country_id, country_flag_url, country_name) VALUES (168, 'https://cdn.countryflags.com/thumbs/united-states-of-america/flag-square-500.png', 'United States');
INSERT INTO countries (country_id, country_flag_url, country_name) VALUES (169, 'http://example.com/flags/uruguay.png', 'Uruguay');
INSERT INTO countries (country_id, country_flag_url, country_name) VALUES (170, 'http://example.com/flags/uzbekistan.png', 'Uzbekistan');
INSERT INTO countries (country_id, country_flag_url, country_name) VALUES (171, 'http://example.com/flags/vanuatu.png', 'Vanuatu');
INSERT INTO countries (country_id, country_flag_url, country_name) VALUES (172, 'http://example.com/flags/venezuela.png', 'Venezuela');
INSERT INTO countries (country_id, country_flag_url, country_name) VALUES (173, 'http://example.com/flags/vietnam.png', 'Vietnam');
INSERT INTO countries (country_id, country_flag_url, country_name) VALUES (174, 'http://example.com/flags/western_sahara.png', 'W. Sahara');
INSERT INTO countries (country_id, country_flag_url, country_name) VALUES (175, 'http://example.com/flags/yemen.png', 'Yemen');
INSERT INTO countries (country_id, country_flag_url, country_name) VALUES (176, 'http://example.com/flags/zambia.png', 'Zambia');
INSERT INTO countries (country_id, country_flag_url, country_name) VALUES (177, 'http://example.com/flags/zimbabwe.png', 'Zimbabwe');

INSERT INTO owner (user_name, id) VALUES ('user1',1);
INSERT INTO owner (user_name, id) VALUES ('user2',2);
INSERT INTO owner (user_name, id) VALUES ('default',3);
INSERT INTO owner (user_name, id) VALUES ('Kiran',4);
INSERT INTO owner (user_name, id) VALUES ('user3',5);
INSERT INTO owner (user_name, id) VALUES ('user4',6);
INSERT INTO owner (user_name, id) VALUES ('user5',7);
INSERT INTO owner (user_name, id) VALUES ('Alek',8);

INSERT INTO trips (country_id, budget, duration, journal_entry, owner_id, places, start_date, travel_tips) VALUES
                                                                                                               (73, 1500, 10, 'Explored the vibrant cities of Delhi, Agra, and Jaipur. Visited the Taj Mahal and enjoyed the rich culture and history of Rajasthan.', 'user1', 'Delhi, Agra, Jaipur', '2023-11-01', 'Carry light cotton clothes, stay hydrated, and be prepared for the bustling city life. Use public transport for convenience, haggle at local markets, and try the street food, but ensure it is freshly cooked.'),
                                                                                                               (61, 1800, 7, 'Visited Berlin, Munich, and Frankfurt. Enjoyed the historic sites and modern attractions.', 'user2', 'Berlin, Munich, Frankfurt', '2023-09-15', 'Learn basic German phrases to ease communication. Utilize the efficient public transport system, and don’t miss the local beer gardens. Visit museums early to avoid crowds and carry cash as not all places accept cards.'),
                                                                                                               (38, 1200, 5, 'Relaxed on the beautiful beaches of Cyprus and explored ancient ruins.', 'user3', 'Nicosia, Limassol, Paphos', '2023-08-20', 'Pack sunscreen and light clothing for the hot climate. Explore local cuisine, especially fresh seafood. Renting a car will give you the freedom to explore off-the-beaten-path locations. Visit historical sites early in the morning to avoid the heat.'),
                                                                                                               (32, 2000, 12, 'Visited the Great Wall, Forbidden City, and enjoyed the bustling markets.', 'user1', 'Beijing, Shanghai, Xian', '2023-10-10', 'Learn basic Mandarin phrases and download translation apps. Be prepared for large crowds, especially at popular tourist sites. Always carry a copy of your passport and hotel address in Chinese characters. Try street food, but choose stalls with long lines as they indicate freshness.'),
(28, 2500, 14, 'Explored the natural beauty of Canada from coast to coast.', 'user2', 'Toronto, Vancouver, Montreal', '2023-07-05', 'Pack layers as the weather can vary greatly. Explore national parks and outdoor activities. Visit during the fall for stunning foliage and fewer tourists. Try local delicacies like poutine and maple syrup products. Use public transport in cities and consider renting a car for countryside explorations.'),
(21, 1700, 10, 'Enjoyed the vibrant culture and beautiful landscapes of Brazil.', 'user3', 'Rio de Janeiro, Sao Paulo, Salvador', '2023-12-01', 'Stay in well-known areas and avoid displaying valuables. Try local delicacies like feijoada and brigadeiros. Join a samba dance class and experience the local music scene. Be cautious with tap water and opt for bottled water. Learn some Portuguese phrases to enhance your experience.'),
(8, 2200, 15, 'Explored the diverse cities and natural wonders of Australia.', 'user1', 'Sydney, Melbourne, Brisbane', '2024-02-01', 'Use sunscreen and wear a hat to protect from the strong sun. Explore the Great Barrier Reef and national parks. Visit during the spring for pleasant weather and fewer crowds. Try local seafood and wines. Use public transport in cities and consider road trips to explore rural areas.'),
(57, 1900, 8, 'Visited the Eiffel Tower, Louvre, and enjoyed the cafes in Paris.', 'user2', 'Paris, Lyon, Marseille', '2023-11-25', 'Learn basic French phrases to help with communication. Use the metro for efficient travel within cities. Explore local bakeries and try fresh pastries. Visit popular tourist sites early in the morning to avoid crowds. Carry a reusable water bottle and refill it at public fountains.'),
(79, 2100, 10, 'Experienced the rich history and cuisine of Italy.', 'user4', 'Rome, Florence, Venice', '2023-09-30', 'Book tickets in advance for popular attractions to avoid long lines. Explore local markets and try fresh produce. Enjoy gelato from small, artisan shops. Walk as much as possible to discover hidden gems. Be cautious with personal belongings to avoid pickpockets.'),
(81, 2300, 12, 'Visited Tokyo, Kyoto, and enjoyed the cherry blossoms.', 'user1', 'Tokyo, Kyoto, Osaka', '2024-03-20', 'Learn basic Japanese phrases and respect local customs. Try sushi and other local dishes. Use the efficient public transport system and purchase a Japan Rail Pass for long-distance travel. Participate in local festivals and visit traditional tea houses. Be mindful of cleanliness and noise levels in public spaces.'),
(152, 2500, 10, 'Enjoyed the scenic beauty and winter sports in Switzerland.', 'user2', 'Zurich, Lucerne, Interlaken', '2024-01-15', 'Pack warm clothes and be prepared for cold weather. Explore the Alps and try skiing or snowboarding. Visit during the winter for picturesque landscapes and holiday markets. Try Swiss chocolates and cheese. Use the efficient train system to travel between cities and enjoy the scenic routes.'),
(146, 1800, 7, 'Explored the vibrant cities and beautiful beaches of Spain.', 'user5', 'Madrid, Barcelona, Valencia', '2023-08-01', 'Learn basic Spanish phrases and immerse yourself in local culture. Explore local festivals and try tapas at various bars. Use public transport to navigate cities and consider renting a bike for a more personal experience. Stay hydrated and wear sunscreen during hot months. Visit museums and historical sites during weekdays to avoid crowds.'),
(168, 2600, 14, 'Visited major cities and national parks in the United States.', 'user1', 'New York, Los Angeles, Grand Canyon', '2024-04-10', 'Plan ahead and book accommodations early, especially near popular attractions. Rent a car for road trips to national parks and scenic areas. Visit during the spring or fall for pleasant weather and fewer tourists. Try regional cuisines and explore diverse food scenes. Be aware of tipping customs in restaurants and other services. Use public transport in major cities for convenience.');

INSERT INTO trips (country_id, budget, duration, journal_entry, owner_id, places, start_date, travel_tips) VALUES

(73, 1600, 12, 'Visited Mumbai, Bangalore, and Chennai. Enjoyed the bustling city life and cultural landmarks.', 'user2', 'Mumbai, Bangalore, Chennai', '2024-01-15', 'Carry comfortable clothing and be prepared for diverse weather conditions. Use local transport options like rickshaws and trains. Explore street food but choose busy stalls for freshness. Visit temples and historical sites early to avoid crowds. Learn a few basic phrases in Hindi to communicate with locals.'),
(73, 1500, 10, 'Explored Delhi, Agra, and Jaipur. Visited the Taj Mahal and experienced the rich history of Rajasthan.', 'user3', 'Delhi, Agra, Jaipur', '2023-11-01', 'Carry light cotton clothes, stay hydrated, and be prepared for the bustling city life. Use public transport for convenience and try local street food. Be cautious with water and opt for bottled versions.'),
(61, 1900, 9, 'Visited Berlin, Munich, and Dresden. Enjoyed the rich history and vibrant culture.', 'user1', 'Berlin, Munich, Dresden', '2023-10-20', 'Learn basic German phrases for easier communication. Utilize the efficient public transport system. Visit popular sites early to avoid long lines and try local specialties like bratwurst and schnitzel. Explore museums and historical sites for a deeper cultural experience.'),
(61, 2200, 11, 'Explored Hamburg, Frankfurt, and Heidelberg. Experienced a mix of modern city life and charming small towns.', 'user4', 'Hamburg, Frankfurt, Heidelberg', '2024-03-05', 'Try local cuisine and explore traditional beer gardens. Use public transport for city travel and consider renting a bike for short distances. Visit historical sites and enjoy the scenic beauty of the Rhine River.'),

(38, 1300, 8, 'Relaxed in Paphos and explored Limassol. Enjoyed the beaches and historical sites.', 'user5', 'Paphos, Limassol', '2024-02-15', 'Pack sunscreen and light clothing for the hot weather. Explore local markets and try traditional dishes. Rent a car for convenience in exploring the island. Visit historical sites early to avoid the heat.'),
(38, 1400, 7, 'Visited Nicosia and Larnaca. Enjoyed the rich history and beautiful beaches.', 'user3', 'Nicosia, Larnaca', '2023-08-10', 'Carry a hat and sunscreen for sun protection. Explore local culture and try regional specialties. Use local transport options for convenience. Visit historical and cultural sites to understand the island’s rich history.'),

(32, 2300, 14, 'Visited Beijing, Shanghai, and Chengdu. Enjoyed historical sites and the vibrant city life.', 'user2', 'Beijing, Shanghai, Chengdu', '2024-04-10', 'Learn basic Mandarin phrases and use translation apps. Be prepared for large crowds at popular sites. Try local street food and explore various markets. Use the high-speed train for efficient travel between cities.'),
(32, 2100, 10, 'Explored Xian, Guilin, and Hong Kong. Experienced ancient history and natural beauty.', 'user5', 'Xian, Guilin, Hong Kong', '2023-12-01', 'Carry comfortable walking shoes and a good camera. Use domestic flights for long distances and public transport in cities. Explore local cuisine and visit historical landmarks early in the day.'),

(28, 2700, 15, 'Explored Toronto, Vancouver, and Quebec City. Enjoyed diverse city experiences and natural beauty.', 'user1', 'Toronto, Vancouver, Quebec City', '2024-06-01', 'Pack layers to adapt to varying temperatures. Use public transport in cities and consider renting a car for national park visits. Try local dishes and explore diverse cultural events.'),
(28, 2500, 12, 'Visited Montreal, Calgary, and Ottawa. Enjoyed cultural activities and beautiful landscapes.', 'user4', 'Montreal, Calgary, Ottawa', '2023-09-10', 'Be prepared for weather changes and pack appropriately. Use local transport options and explore outdoor activities. Try local foods and explore cultural festivals. Consider renting a car for easier access to national parks.'),

(21, 1800, 10, 'Explored Rio de Janeiro, Sao Paulo, and Recife. Enjoyed the beaches and vibrant culture.', 'user2', 'Rio de Janeiro, Sao Paulo, Recife', '2024-07-15', 'Stay in well-known areas and avoid showing valuables. Try local cuisine and enjoy the lively music scene. Be cautious with tap water and use bottled water. Use public transport for city travel and consider local tours for attractions.'),
(21, 1700, 8, 'Visited Salvador, Brasília, and Florianópolis. Enjoyed historical sites and beautiful beaches.', 'user5', 'Salvador, Brasília, Florianópolis', '2023-11-05', 'Learn some Portuguese phrases for better communication. Explore local markets and try traditional dishes. Use public transport or local rideshare services for convenience. Visit historical sites and natural attractions for a complete experience.'),

(8, 2300, 12, 'Explored Sydney, Melbourne, and Adelaide. Enjoyed vibrant cities and stunning coastal landscapes.', 'user3', 'Sydney, Melbourne, Adelaide', '2024-01-20', 'Use sunscreen and wear a hat to protect from the sun. Explore the Great Ocean Road and other scenic drives. Try local seafood and wines. Use public transport for city travel and consider guided tours for major attractions.'),
(8, 2200, 10, 'Visited Brisbane, Cairns, and Perth. Enjoyed the Great Barrier Reef and beautiful beaches.', 'user5', 'Brisbane, Cairns, Perth', '2023-08-25', 'Pack light clothing and swimwear. Explore the Great Barrier Reef and visit local wildlife parks. Use domestic flights for long distances and rent a car for exploring coastal areas. Try local cuisines and explore the vibrant nightlife.'),

(57, 2000, 10, 'Visited Paris, Lyon, and Nice. Enjoyed cultural landmarks and beautiful landscapes.', 'user1', 'Paris, Lyon, Nice', '2024-05-10', 'Learn basic French phrases to communicate effectively. Use public transport and explore local cafes. Visit popular sites early in the morning to avoid crowds. Try local pastries and explore diverse neighborhoods for a complete experience.'),
(57, 2100, 12, 'Explored Bordeaux, Strasbourg, and Marseille. Experienced diverse culture and wine regions.', 'user4', 'Bordeaux, Strasbourg, Marseille', '2023-10-15', 'Explore local vineyards and try regional wines. Use public transport and consider renting a bike for city exploration. Visit historical sites and local markets to experience French culture. Try regional specialties and enjoy scenic views.'),

(79, 2400, 14, 'Visited Rome, Florence, and Milan. Enjoyed historical landmarks and vibrant city life.', 'user2', 'Rome, Florence, Milan', '2024-03-01', 'Book tickets for major attractions in advance. Try local Italian dishes and gelato. Use public transport for city travel and explore on foot for a more immersive experience. Visit historical sites early to avoid crowds.'),
(79, 2200, 10, 'Explored Venice, Bologna, and Naples. Enjoyed beautiful canals and historic sites.', 'user5', 'Venice, Bologna, Naples', '2023-07-20', 'Use vaporetto for transportation in Venice. Try local pasta and pizza dishes. Explore markets and historical sites at different times of the day. Learn a few Italian phrases to interact with locals.'),

(81, 2400, 12, 'Visited Tokyo, Kyoto, and Nara. Enjoyed the blend of modern and traditional Japanese culture.', 'user1', 'Tokyo, Kyoto, Nara', '2024-02-10', 'Learn basic Japanese phrases and use translation apps. Visit temples and shrines early in the day. Try local sushi and ramen. Use public transport for efficient travel and explore local neighborhoods.'),
(81, 2500, 10, 'Explored Osaka, Hiroshima, and Fukuoka. Experienced diverse Japanese culture and cuisine.', 'user4', 'Osaka, Hiroshima, Fukuoka', '2023-11-05', 'Try local specialties like okonomiyaki and takoyaki. Visit historical sites and museums for cultural insights. Use public transport for convenient travel between cities. Learn some basic Japanese to enhance your experience.'),

(152, 2600, 10, 'Visited Zurich, Geneva, and Lucerne. Enjoyed scenic views and outdoor activities in the Alps.', 'user2', 'Zurich, Geneva, Lucerne', '2024-04-01', 'Pack warm clothing and be prepared for variable weather. Use the efficient train system to travel between cities. Explore scenic areas and try local Swiss dishes like fondue. Visit outdoor markets and enjoy the picturesque landscapes.'),
(152, 2500, 12, 'Explored Interlaken, Zermatt, and Bern. Enjoyed skiing, mountain views, and historic sites.', 'user5', 'Interlaken, Zermatt, Bern', '2023-09-15', 'Rent gear if you plan to ski or snowboard. Explore local cafes and try Swiss chocolate. Use public transport for easy travel between cities. Visit mountain areas for breathtaking views and enjoy outdoor activities.'),

(146, 1900, 10, 'Visited Madrid, Barcelona, and Seville. Enjoyed the rich cultural heritage and lively atmosphere.', 'user1', 'Madrid, Barcelona, Seville', '2024-06-05', 'Learn basic Spanish phrases to interact with locals. Use public transport for city travel and explore on foot for hidden gems. Try local tapas and attend a flamenco show. Visit major attractions early to avoid crowds.'),
(146, 2000, 8, 'Explored Valencia, Bilbao, and Granada. Enjoyed beautiful architecture and local cuisine.', 'user3', 'Valencia, Bilbao, Granada', '2023-12-01', 'Explore local markets and try regional dishes. Use public transport and consider guided tours for historical sites. Visit during the off-season for fewer tourists and pleasant weather. Learn a few Spanish phrases to enhance your experience.'),

(168, 2700, 15, 'Visited New York, San Francisco, and Chicago. Enjoyed the vibrant city life and iconic landmarks.', 'user2', 'New York, San Francisco, Chicago', '2024-07-10', 'Use public transport in cities and explore neighborhoods on foot. Try local foods and explore cultural events. Book major attractions in advance and use a city pass for savings. Consider a trip to nearby natural attractions for a diverse experience.'),
(168, 2500, 12, 'Explored Los Angeles, Miami, and Seattle. Enjoyed diverse cityscapes and outdoor activities.', 'user5', 'Los Angeles, Miami, Seattle', '2023-11-20', 'Pack for varying weather conditions and use public transport for convenience. Try local cuisines and explore the vibrant nightlife. Visit major attractions early and consider day trips to nearby areas for a fuller experience.'),

(151, 2000, 8, 'Experienced the rich history and modern charm of Sweden. Visited museums and enjoyed Swedish fika.', 'user3', 'Stockholm, Gothenburg, Malmö', '2023-09-10', 'Bring comfortable walking shoes for city exploration. Visit during the summer for pleasant weather and festivals. Try local delicacies such as cinnamon buns during fika breaks. Utilize the well-connected train network to travel between cities. Respect local customs and learn a few Swedish phrases to interact with locals.'),
(151, 2200, 7, 'Enjoyed the stunning natural landscapes and cultural heritage of Sweden.', 'user4', 'Lund, Örebro, Luleå', '2024-07-05', 'Pack layers and be prepared for changing weather conditions. Use the extensive public transport system, including buses and trains, to get around. Explore local markets and try traditional Swedish dishes like gravlax. Visit during midsummer to experience unique cultural festivities. Explore the northern regions for a chance to see the midnight sun.'),

(6, 1800, 10, 'Enjoyed the vibrant city life and natural beauty of Argentina, including visits to Buenos Aires and Patagonia.', 'user4', 'Buenos Aires, Mendoza, El Calafate', '2023-10-05', 'Learn basic Spanish phrases to help with communication. Try local cuisine like empanadas and asado. Be prepared for varying climates and pack accordingly. Use domestic flights to cover large distances efficiently. Explore the southern regions for unique landscapes and outdoor activities.'),
(6, 1900, 12, 'Explored the diverse regions of Argentina, from the vibrant city life to breathtaking natural wonders.', 'user5', 'Cordoba, Bariloche, Ushuaia', '2023-11-10', 'Learn basic Spanish phrases to enhance communication. Try local dishes such as choripán and dulce de leche. Be prepared for varying climates and pack accordingly. Use domestic flights to cover large distances efficiently. Explore the southern regions for unique landscapes and outdoor activities.'),

(97, 1600, 10, 'Explored the historical and cultural treasures of Macedonia, enjoying local hospitality.', 'user3', 'Tetovo, Prilep, Struga', '2024-06-01', 'Explore local cuisine and try dishes like ajvar and kebapi. Visit historical sites and museums to learn about the rich history. Rent a car for more flexibility in traveling between cities. Learn basic Macedonian phrases to communicate with locals. Enjoy outdoor activities such as hiking in the mountains and boating on Lake Ohrid.'),
(97, 1400, 6, 'Enjoyed a cultural and scenic tour of Macedonia, visiting key historical sites and natural attractions.', 'user4', 'Kumanovo, Gevgelija, Kruševo', '2024-07-18', 'Pack comfortable shoes for exploring historical sites and towns. Try local dishes and explore traditional markets. Rent a bike to explore the countryside and small towns. Learn a few phrases in Macedonian to connect with locals. Visit during the spring or fall for pleasant weather and fewer crowds.'),

(119, 2600, 11, 'Experienced the majestic landscapes and vibrant culture of Norway, from fjords to modern cities.', 'user5', 'Stavanger, Trondheim, Ålesund', '2024-08-25', 'Pack warm clothing and rain gear, even in summer. Use ferries and trains to explore the scenic fjords. Try local seafood and traditional dishes like rakfisk. Visit during the summer for long days and vibrant festivals. Explore outdoor activities such as hiking and kayaking in the fjords.'),
(119, 2400, 10, 'Explored the natural wonders and cultural sites of Norway, enjoying both urban and rural experiences.', 'user3', 'Kristiansand, Bodø, Narvik', '2023-12-05', 'Pack warm clothing and be prepared for cold weather, especially in the north. Utilize the efficient public transport system, including trains and ferries. Try local dishes such as reindeer and cloudberries. Visit during the winter for a chance to see the northern lights. Participate in outdoor activities like skiing and snowshoeing for an immersive experience.');


INSERT INTO trips (country_id, budget, duration, journal_entry, owner_id, places, start_date, travel_tips) VALUES
-- India
(73, 1800, 14, 'Explored the cultural diversity and historical landmarks of India, visiting iconic cities and natural wonders.', 'Kiran', 'Delhi, Agra, Jaipur, Varanasi', '2024-02-20', 'Learn basic Hindi phrases for easier communication. Use public transport like trains and rickshaws for convenience. Explore local street food but ensure it is from busy stalls. Visit historical sites early to avoid crowds.'),
-- Switzerland
(152, 2200, 10, 'Enjoyed the scenic landscapes and outdoor activities in Switzerland, exploring both urban and rural areas.', 'Kiran', 'Zurich, Lucerne, Interlaken', '2024-03-15', 'Pack layers to adapt to changing weather. Use the efficient train network to travel between cities. Try local Swiss dishes like fondue and raclette. Explore outdoor markets and scenic hiking trails.'),
-- Austria
(9, 2000, 12, 'Explored the historical and cultural richness of Austria, enjoying beautiful architecture and vibrant cities.', 'Kiran', 'Vienna, Salzburg, Innsbruck', '2024-04-10', 'Learn a few basic German phrases to communicate with locals. Use public transport for city travel. Try local Austrian pastries and coffee. Visit museums and historical sites to understand the rich heritage.'),
-- Italy
(79, 2400, 14, 'Visited Rome, Florence, and Venice. Enjoyed historical landmarks and the rich cultural heritage.', 'Kiran', 'Rome, Florence, Venice', '2024-05-05', 'Book tickets for major attractions in advance. Try local Italian dishes and gelato. Use public transport and explore on foot for a more immersive experience. Visit historical sites early to avoid crowds.'),
-- Germany
(61, 2100, 11, 'Explored the diverse regions of Germany, from historical cities to scenic countryside.', 'Kiran', 'Berlin, Munich, Hamburg', '2024-06-01', 'Learn basic German phrases for easier communication. Utilize the efficient public transport system. Visit popular sites early to avoid long lines. Try local specialties like bratwurst and schnitzel.'),
-- Sweden
(151, 2300, 8, 'Experienced the rich history and modern charm of Sweden. Visited museums and enjoyed Swedish fika.', 'Kiran', 'Stockholm, Gothenburg, Malmö', '2024-06-25', 'Bring comfortable walking shoes for city exploration. Visit during the summer for pleasant weather and festivals. Try local delicacies such as cinnamon buns during fika breaks. Utilize the well-connected train network to travel between cities.'),
-- Thailand
(157, 1500, 10, 'Relaxed on the beautiful beaches of Thailand and explored vibrant markets and temples.', 'Kiran', 'Bangkok, Phuket, Chiang Mai', '2024-07-10', 'Pack light clothing and sunscreen. Use local transport options like tuk-tuks and boats. Try street food but ensure it is from busy vendors. Visit temples and cultural sites early to avoid the heat and crowds.'),
-- Indonesia
(74, 1600, 12, 'Explored the natural beauty and rich culture of Indonesia, visiting both urban and rural areas.', 'Kiran', 'Jakarta, Bali, Yogyakarta', '2024-08-05', 'Pack lightweight clothing and comfortable shoes. Use local transport options and consider renting a scooter in Bali. Try local dishes and explore markets. Visit temples and natural sites early to avoid crowds.'),
-- Spain
(146, 1900, 10, 'Visited Madrid, Barcelona, and Seville. Enjoyed the rich cultural heritage and lively atmosphere.', 'Kiran', 'Madrid, Barcelona, Seville', '2024-09-01', 'Learn basic Spanish phrases to interact with locals. Use public transport for city travel and explore on foot for hidden gems. Try local tapas and attend a flamenco show. Visit major attractions early to avoid crowds.'),
-- France
(57, 2000, 10, 'Visited Paris, Lyon, and Nice. Enjoyed cultural landmarks and beautiful landscapes.', 'Kiran', 'Paris, Lyon, Nice', '2024-09-20', 'Learn basic French phrases to communicate effectively. Use public transport and explore local cafes. Visit popular sites early in the morning to avoid crowds. Try local pastries and explore diverse neighborhoods for a complete experience.'),
-- Netherlands
(113, 1700, 8, 'Explored the vibrant cities and beautiful countryside of the Netherlands.', 'Kiran', 'Amsterdam, Rotterdam, Utrecht', '2024-10-10', 'Rent a bike for convenient city travel. Try local Dutch dishes like stroopwafels and herring. Visit museums and historical sites to understand the rich culture. Explore the countryside and enjoy scenic canal tours.'),
-- United Kingdom
(167, 2200, 12, 'Visited London, Edinburgh, and Cardiff. Enjoyed historical sites and the vibrant culture of the UK.', 'Kiran', 'London, Edinburgh, Cardiff', '2024-11-01', 'Use public transport like the Tube and buses for city travel. Try local dishes like fish and chips and afternoon tea. Visit historical landmarks early to avoid queues. Explore local markets and cultural events.');
